PRAGMA foreign_keys = ON;
INSERT INTO roles (id,name,description,created_at,updated_at) VALUES
(1,'customer','Acceso a información propia',strftime('%s','now'),strftime('%s','now')),(2,'reception','Recepción de clientes y órdenes',strftime('%s','now'),strftime('%s','now')),(3,'operator','Actualización de etapas asignadas',strftime('%s','now'),strftime('%s','now')),(4,'supervisor','Control de la operación',strftime('%s','now'),strftime('%s','now')),(5,'admin','Administración completa',strftime('%s','now'),strftime('%s','now')),(6,'superadmin','Configuración y permisos',strftime('%s','now'),strftime('%s','now'));
INSERT INTO users (id,role_id,name,email,phone,password_hash,status,failed_attempts,created_at,updated_at) VALUES
('usr-admin',5,'Administrador Demo','admin@carwash.demo','7000-0001','pbkdf2-sha256$dev-salt$not-a-real-production-hash','active',0,strftime('%s','now'),strftime('%s','now')),
('usr-reception',2,'Ana Recepción','recepcion@carwash.demo','7000-0002','pbkdf2-sha256$dev-salt$not-a-real-production-hash','active',0,strftime('%s','now'),strftime('%s','now')),
('usr-op-1',3,'Carlos Méndez','operador1@carwash.demo','7000-0003','pbkdf2-sha256$dev-salt$not-a-real-production-hash','active',0,strftime('%s','now'),strftime('%s','now')),
('usr-op-2',3,'Andrea Rivas','operador2@carwash.demo','7000-0004','pbkdf2-sha256$dev-salt$not-a-real-production-hash','active',0,strftime('%s','now'),strftime('%s','now')),
('usr-c1',1,'Sofía Martínez','cliente@carwash.demo','7788-1122','pbkdf2-sha256$dev-salt$not-a-real-production-hash','active',0,strftime('%s','now'),strftime('%s','now')),
('usr-c2',1,'Diego Hernández','diego@carwash.demo','7122-9034','pbkdf2-sha256$dev-salt$not-a-real-production-hash','active',0,strftime('%s','now'),strftime('%s','now')),
('usr-c3',1,'Lucía Torres','lucia@carwash.demo','7018-4451','pbkdf2-sha256$dev-salt$not-a-real-production-hash','active',0,strftime('%s','now'),strftime('%s','now'));
INSERT INTO customers (id,user_id,notification_preferences,loyalty_visits,created_at,updated_at) VALUES ('cus-1','usr-c1','{"inApp":true,"email":true}',4,strftime('%s','now'),strftime('%s','now')),('cus-2','usr-c2','{"inApp":true}',2,strftime('%s','now'),strftime('%s','now')),('cus-3','usr-c3','{"inApp":true,"email":true}',5,strftime('%s','now'),strftime('%s','now'));
INSERT INTO employees (id,user_id,employee_code,specialty,status,created_at,updated_at) VALUES ('emp-r','usr-reception','REC-01','Recepción','active',strftime('%s','now'),strftime('%s','now')),('emp-1','usr-op-1','OPE-01','Detallado','active',strftime('%s','now'),strftime('%s','now')),('emp-2','usr-op-2','OPE-02','Interiores','active',strftime('%s','now'),strftime('%s','now'));
INSERT INTO vehicles (id,customer_id,plate,brand,model,year,color,type,is_primary,is_active,created_at,updated_at) VALUES ('veh-1','cus-1','P123482','Toyota','Corolla',2022,'Gris','sedan',1,1,strftime('%s','now'),strftime('%s','now')),('veh-2','cus-1','P455291','Kia','Sportage',2020,'Blanco','suv',0,1,strftime('%s','now'),strftime('%s','now')),('veh-3','cus-2','P774931','Honda','CR-V',2021,'Azul','suv',1,1,strftime('%s','now'),strftime('%s','now')),('veh-4','cus-3','P882107','Mazda','3',2023,'Rojo','sedan',1,1,strftime('%s','now'),strftime('%s','now'));
INSERT INTO services (id,name,slug,description,base_price,estimated_minutes,vehicle_types,is_active,display_order,created_at,updated_at) VALUES
('srv-1','Lavado básico','lavado-basico','Exterior impecable para tu rutina diaria',8,25,'["sedan","suv","pickup"]',1,1,strftime('%s','now'),strftime('%s','now')),('srv-2','Lavado completo','lavado-completo','Cuidado interior y exterior',15,45,'["sedan","suv","pickup"]',1,2,strftime('%s','now'),strftime('%s','now')),('srv-3','Lavado premium','lavado-premium','Acabado profundo y protección',28,75,'["sedan","suv","pickup"]',1,3,strftime('%s','now'),strftime('%s','now')),('srv-4','Limpieza interior','limpieza-interior','Cabina fresca y desinfectada',12,35,'["sedan","suv","pickup"]',1,4,strftime('%s','now'),strftime('%s','now')),('srv-5','Lavado de motor','lavado-motor','Limpieza técnica controlada',20,40,'["sedan","suv","pickup"]',1,5,strftime('%s','now'),strftime('%s','now')),('srv-6','Encerado y pulido','encerado-pulido','Protección y brillo de pintura',45,120,'["sedan","suv","pickup"]',1,6,strftime('%s','now'),strftime('%s','now')),('srv-7','Tratamiento de tapicería','tapiceria','Remoción de manchas y olores',35,100,'["sedan","suv","pickup"]',1,7,strftime('%s','now'),strftime('%s','now')),('srv-8','Detallado completo','detallado-completo','Restauración integral',85,210,'["sedan","suv","pickup"]',1,8,strftime('%s','now'),strftime('%s','now'));
INSERT INTO promotions (id,name,description,code,discount_type,discount_value,status,starts_at,ends_at,usage_limit,per_customer_limit,created_at,updated_at) VALUES ('pro-1','Miércoles Azul','Descuento en completo y premium','AZUL20','percentage',20,'active',strftime('%s','2026-07-01'),strftime('%s','2026-08-01'),100,1,strftime('%s','now'),strftime('%s','now')),('pro-2','Cliente frecuente','Sexto lavado gratis',NULL,'fixed',8,'active',strftime('%s','2026-01-01'),strftime('%s','2026-12-31'),NULL,1,strftime('%s','now'),strftime('%s','now')),('pro-3','Interior fresco','Limpieza interior de fin de semana','FRESCO10','fixed',2,'scheduled',strftime('%s','2026-08-01'),strftime('%s','2026-09-01'),50,1,strftime('%s','now'),strftime('%s','now'));
